[
  {
    "id": 1,
    "title": "Task 1",
    "completed": false
  },
  {
    "id": 2,
    "title": "Task 2",
    "completed": false
  },
  {
    "id": 3,
    "title": "Task 3",
    "completed": false
  },
  {
    "id": 4,
    "title": "Task 4",
    "completed": false
  },
  {
    "id": 5,
    "title": "Task 5",
    "completed": false
  },
  {
    "id": 6,
    "title": "Task 6",
    "completed": false
  },
  {
    "id": 7,
    "title": "Task 7",
    "completed": false
  },
  {
    "id": 8,
    "title": "Task 8",
    "completed": false
  },
  {
    "id": 9,
    "title": "Task 9",
    "completed": false
  },
  {
    "id": 10,
    "title": "Task 10",
    "completed": false
  },
  {
    "id": 11,
    "title": "Task 11",
    "completed": false
  },
  {
    "id": 12,
    "title": "Task 12",
    "completed": false
  },
  {
    "id": 13,
    "title": "Task 13",
    "completed": false
  },
  {
    "id": 14,
    "title": "Task 14",
    "completed": false
  },
  {
    "id": 15,
    "title": "Task 15",
    "completed": false
  },
  {
    "id": 16,
    "title": "Task 16",
    "completed": false
  },
  {
    "id": 17,
    "title": "Task 17",
    "completed": false
  },
  {
    "id": 18,
    "title": "Task 18",
    "completed": false
  },
  {
    "id": 19,
    "title": "Task 19",
    "completed": false
  },
  {
    "id": 20,
    "title": "Task 20",
    "completed": false
  },
  {
    "id": 21,
    "title": "Task 21",
    "completed": false
  },
  {
    "id": 22,
    "title": "Task 22",
    "completed": false
  },
  {
    "id": 23,
    "title": "Task 23",
    "completed": false
  },
  {
    "id": 24,
    "title": "Task 24",
    "completed": false
  },
  {
    "id": 25,
    "title": "Task 25",
    "completed": false
  },
  {
    "id": 26,
    "title": "Task 26",
    "completed": false
  },
  {
    "id": 27,
    "title": "Task 27",
    "completed": false
  },
  {
    "id": 28,
    "title": "Task 28",
    "completed": false
  },
  {
    "id": 29,
    "title": "Task 29",
    "completed": false
  },
  {
    "id": 30,
    "title": "Task 30",
    "completed": false
  },
  {
    "id": 31,
    "title": "Task 31",
    "completed": false
  },
  {
    "id": 32,
    "title": "Task 32",
    "completed": false
  },
  {
    "id": 33,
    "title": "Task 33",
    "completed": false
  },
  {
    "id": 34,
    "title": "Task 34",
    "completed": false
  },
  {
    "id": 35,
    "title": "Task 35",
    "completed": false
  },
  {
    "id": 36,
    "title": "Task 36",
    "completed": false
  },
  {
    "id": 37,
    "title": "Task 37",
    "completed": false
  },
  {
    "id": 38,
    "title": "Task 38",
    "completed": false
  },
  {
    "id": 39,
    "title": "Task 39",
    "completed": false
  },
  {
    "id": 40,
    "title": "Task 40",
    "completed": false
  },
  {
    "id": 41,
    "title": "Task 41",
    "completed": false
  },
  {
    "id": 42,
    "title": "Task 42",
    "completed": false
  },
  {
    "id": 43,
    "title": "Task 43",
    "completed": false
  },
  {
    "id": 44,
    "title": "Task 44",
    "completed": false
  },
  {
    "id": 45,
    "title": "Task 45",
    "completed": false
  },
  {
    "id": 46,
    "title": "Task 46",
    "completed": false
  },
  {
    "id": 47,
    "title": "Task 47",
    "completed": false
  },
  {
    "id": 48,
    "title": "Task 48",
    "completed": false
  },
  {
    "id": 49,
    "title": "Task 49",
    "completed": false
  },
  {
    "id": 50,
    "title": "Task 50",
    "completed": false
  },
  {
    "id": 51,
    "title": "Task 51",
    "completed": false
  },
  {
    "id": 52,
    "title": "Task 52",
    "completed": false
  },
  {
    "id": 53,
    "title": "Task 53",
    "completed": false
  },
  {
    "id": 54,
    "title": "Task 54",
    "completed": false
  },
  {
    "id": 55,
    "title": "Task 55",
    "completed": false
  },
  {
    "id": 56,
    "title": "Task 56",
    "completed": false
  },
  {
    "id": 57,
    "title": "Task 57",
    "completed": false
  },
  {
    "id": 58,
    "title": "Task 58",
    "completed": false
  },
  {
    "id": 59,
    "title": "Task 59",
    "completed": false
  },
  {
    "id": 60,
    "title": "Task 60",
    "completed": false
  },
  {
    "id": 61,
    "title": "Task 61",
    "completed": false
  },
  {
    "id": 62,
    "title": "Task 62",
    "completed": false
  },
  {
    "id": 63,
    "title": "Task 63",
    "completed": false
  },
  {
    "id": 64,
    "title": "Task 64",
    "completed": false
  },
  {
    "id": 65,
    "title": "Task 65",
    "completed": false
  },
  {
    "id": 66,
    "title": "Task 66",
    "completed": false
  },
  {
    "id": 67,
    "title": "Task 67",
    "completed": false
  },
  {
    "id": 68,
    "title": "Task 68",
    "completed": false
  },
  {
    "id": 69,
    "title": "Task 69",
    "completed": false
  },
  {
    "id": 70,
    "title": "Task 70",
    "completed": false
  },
  {
    "id": 71,
    "title": "Task 71",
    "completed": false
  },
  {
    "id": 72,
    "title": "Task 72",
    "completed": false
  },
  {
    "id": 73,
    "title": "Task 73",
    "completed": false
  },
  {
    "id": 74,
    "title": "Task 74",
    "completed": false
  },
  {
    "id": 75,
    "title": "Task 75",
    "completed": false
  },
  {
    "id": 76,
    "title": "Task 76",
    "completed": false
  },
  {
    "id": 77,
    "title": "Task 77",
    "completed": false
  },
  {
    "id": 78,
    "title": "Task 78",
    "completed": false
  },
  {
    "id": 79,
    "title": "Task 79",
    "completed": false
  },
  {
    "id": 80,
    "title": "Task 80",
    "completed": false
  },
  {
    "id": 81,
    "title": "Task 81",
    "completed": false
  },
  {
    "id": 82,
    "title": "Task 82",
    "completed": false
  },
  {
    "id": 83,
    "title": "Task 83",
    "completed": false
  },
  {
    "id": 84,
    "title": "Task 84",
    "completed": false
  },
  {
    "id": 85,
    "title": "Task 85",
    "completed": false
  },
  {
    "id": 86,
    "title": "Task 86",
    "completed": false
  },
  {
    "id": 87,
    "title": "Task 87",
    "completed": false
  },
  {
    "id": 88,
    "title": "Task 88",
    "completed": false
  },
  {
    "id": 89,
    "title": "Task 89",
    "completed": false
  },
  {
    "id": 90,
    "title": "Task 90",
    "completed": false
  },
  {
    "id": 91,
    "title": "Task 91",
    "completed": false
  },
  {
    "id": 92,
    "title": "Task 92",
    "completed": false
  },
  {
    "id": 93,
    "title": "Task 93",
    "completed": false
  },
  {
    "id": 94,
    "title": "Task 94",
    "completed": false
  },
  {
    "id": 95,
    "title": "Task 95",
    "completed": false
  },
  {
    "id": 96,
    "title": "Task 96",
    "completed": false
  },
  {
    "id": 97,
    "title": "Task 97",
    "completed": false
  },
  {
    "id": 98,
    "title": "Task 98",
    "completed": false
  },
  {
    "id": 99,
    "title": "Task 99",
    "completed": false
  },
  {
    "id": 100,
    "title": "Task 100",
    "completed": false
  },
  {
    "userId": 1,
    "id": 1,
    "title": "delectus aut autem",
    "completed": false
  }
]